motif_id	motif_alt_id	sequence_name	start	stop	strand	score	p-value	q-value	matched_sequence
MA0477.3	FOSL1	chr2_173048911-173049637	77	85	+	15.6273	4.91e-06	0.111	ATGACTCAT
MA0477.3	FOSL1	chr11_27467609-27467902	84	92	+	15.6273	4.91e-06	0.111	ATGACTCAT
MA0477.3	FOSL1	chr6_70398920-70399338	87	95	-	15.6273	4.91e-06	0.111	ATGACTCAT
MA0477.3	FOSL1	chr9_21863705-21864062	159	167	+	15.6273	4.91e-06	0.111	ATGACTCAT
MA0477.3	FOSL1	chr16_20879300-20879616	171	179	+	15.6273	4.91e-06	0.111	ATGACTCAT
MA0477.3	FOSL1	chr7_36290172-36290583	180	188	+	15.6273	4.91e-06	0.111	ATGACTCAT
MA0477.3	FOSL1	chr2_114022257-114022732	184	192	+	15.6273	4.91e-06	0.111	ATGACTCAT
MA0477.3	FOSL1	chr1_26990512-26990820	214	222	+	15.6273	4.91e-06	0.111	ATGACTCAT
MA0477.3	FOSL1	chr11_91797048-91797451	261	269	-	15.6273	4.91e-06	0.111	ATGACTCAT
MA0477.3	FOSL1	chr2_42195465-42195934	277	285	+	15.6273	4.91e-06	0.111	ATGACTCAT
MA0477.3	FOSL1	chr15_64247903-64248369	273	281	-	15.6273	4.91e-06	0.111	ATGACTCAT
MA0477.3	FOSL1	chr22_49834486-49834899	306	314	-	15.6273	4.91e-06	0.111	ATGACTCAT
MA0477.3	FOSL1	chr6_20877362-20877760	321	329	+	15.6273	4.91e-06	0.111	ATGACTCAT
MA0477.3	FOSL1	chr7_116776705-116777163	424	432	-	15.6273	4.91e-06	0.111	ATGACTCAT
MA0477.3	FOSL1	chr1_231233780-231234227	52	60	-	14.4909	8.94e-06	0.127	GTGACTCAT
MA0477.3	FOSL1	chr17_72421237-72421572	176	184	-	14.4909	8.94e-06	0.127	GTGACTCAT
MA0477.3	FOSL1	chr16_21260940-21261351	233	241	+	14.4909	8.94e-06	0.127	GTGACTCAT
MA0477.3	FOSL1	chr6_56279704-56280031	237	245	+	14.4909	8.94e-06	0.127	GTGACTCAT
MA0477.3	FOSL1	chr17_74417183-74417560	260	268	+	14.4909	8.94e-06	0.127	GTGACTCAT
MA0477.3	FOSL1	chr4_31146366-31146717	265	273	-	14.4909	8.94e-06	0.127	GTGACTCAT
MA0477.3	FOSL1	chr22_45246254-45246736	297	305	+	14.4909	8.94e-06	0.127	GTGACTCAT
MA0477.3	FOSL1	chr9_27371399-27371745	61	69	-	14.0455	1.3e-05	0.127	ATGACTCAC
MA0477.3	FOSL1	chr11_7605538-7605853	100	108	+	14.0455	1.3e-05	0.127	ATGACTCAC
MA0477.3	FOSL1	chr3_57803684-57804084	142	150	+	14.0455	1.3e-05	0.127	ATGACTCAC
MA0477.3	FOSL1	chr10_3852323-3852734	168	176	-	14.0455	1.3e-05	0.127	ATGACTCAC
MA0477.3	FOSL1	chr12_121215028-121215351	185	193	+	14.0455	1.3e-05	0.127	ATGACTCAC
MA0477.3	FOSL1	chr17_74417183-74417560	184	192	-	14.0455	1.3e-05	0.127	ATGACTCAC
MA0477.3	FOSL1	chr10_24902045-24902481	276	284	+	14.0455	1.3e-05	0.127	ATGACTCAC
MA0477.3	FOSL1	chr1_200022115-200022573	368	376	-	14.0455	1.3e-05	0.127	ATGACTCAC
MA0477.3	FOSL1	chr2_173048911-173049637	523	531	+	14.0455	1.3e-05	0.127	ATGACTCAC
MA0477.3	FOSL1	chr8_123058187-123058480	30	38	+	13.5273	1.7e-05	0.127	CTGACTCAT
MA0477.3	FOSL1	chr2_6203608-6203911	65	73	+	13.5273	1.7e-05	0.127	CTGACTCAT
MA0477.3	FOSL1	chr11_13140365-13140700	109	117	-	13.5273	1.7e-05	0.127	CTGACTCAT
MA0477.3	FOSL1	chr2_19682571-19682895	142	150	-	13.5273	1.7e-05	0.127	CTGACTCAT
MA0477.3	FOSL1	chr2_69685546-69686054	200	208	-	13.5273	1.7e-05	0.127	CTGACTCAT
MA0477.3	FOSL1	chr2_54545816-54546281	218	226	-	13.5273	1.7e-05	0.127	CTGACTCAT
MA0477.3	FOSL1	chr11_102599519-102599988	261	269	-	13.5273	1.7e-05	0.127	CTGACTCAT
MA0477.3	FOSL1	chr6_162058280-162058793	324	332	+	13.5273	1.7e-05	0.127	CTGACTCAT
MA0477.3	FOSL1	chr10_3852323-3852734	372	380	+	13.5273	1.7e-05	0.127	CTGACTCAT
MA0477.3	FOSL1	chr11_100776082-100776585	456	464	-	13.5273	1.7e-05	0.127	CTGACTCAT
MA0477.3	FOSL1	chr20_22411635-22411949	9	17	+	13.3727	2.1e-05	0.127	ATGACTCAG
MA0477.3	FOSL1	chr2_232781813-232782107	61	69	+	13.3727	2.1e-05	0.127	ATGACTCAG
MA0477.3	FOSL1	chr10_103241426-103241781	88	96	-	13.3727	2.1e-05	0.127	ATGACTCAG
MA0477.3	FOSL1	chr2_173048911-173049637	119	127	+	13.3727	2.1e-05	0.127	ATGACTCAG
MA0477.3	FOSL1	chr7_90767083-90767424	158	166	-	13.3727	2.1e-05	0.127	ATGACTCAG
MA0477.3	FOSL1	chr20_11687615-11688081	172	180	+	13.3727	2.1e-05	0.127	ATGACTCAG
MA0477.3	FOSL1	chr22_18061275-18061727	168	176	-	13.3727	2.1e-05	0.127	ATGACTCAG
MA0477.3	FOSL1	chr20_4135514-4136011	197	205	+	13.3727	2.1e-05	0.127	ATGACTCAG
MA0477.3	FOSL1	chr20_50761652-50762127	203	211	+	13.3727	2.1e-05	0.127	ATGACTCAG
MA0477.3	FOSL1	chr1_212237584-212237877	234	242	+	13.3727	2.1e-05	0.127	ATGACTCAG
MA0477.3	FOSL1	chr8_125219162-125219511	287	295	-	13.3727	2.1e-05	0.127	ATGACTCAG
MA0477.3	FOSL1	chr2_173048911-173049637	77	85	-	13.2818	2.59e-05	0.127	ATGAGTCAT
MA0477.3	FOSL1	chr6_70398920-70399338	87	95	+	13.2818	2.59e-05	0.127	ATGAGTCAT
MA0477.3	FOSL1	chr11_27467609-27467902	84	92	-	13.2818	2.59e-05	0.127	ATGAGTCAT
MA0477.3	FOSL1	chr9_21863705-21864062	159	167	-	13.2818	2.59e-05	0.127	ATGAGTCAT
MA0477.3	FOSL1	chr16_20879300-20879616	171	179	-	13.2818	2.59e-05	0.127	ATGAGTCAT
MA0477.3	FOSL1	chr7_36290172-36290583	180	188	-	13.2818	2.59e-05	0.127	ATGAGTCAT
MA0477.3	FOSL1	chr2_114022257-114022732	184	192	-	13.2818	2.59e-05	0.127	ATGAGTCAT
MA0477.3	FOSL1	chr1_26990512-26990820	214	222	-	13.2818	2.59e-05	0.127	ATGAGTCAT
MA0477.3	FOSL1	chr11_91797048-91797451	261	269	+	13.2818	2.59e-05	0.127	ATGAGTCAT
MA0477.3	FOSL1	chr15_64247903-64248369	273	281	+	13.2818	2.59e-05	0.127	ATGAGTCAT
MA0477.3	FOSL1	chr2_42195465-42195934	277	285	-	13.2818	2.59e-05	0.127	ATGAGTCAT
MA0477.3	FOSL1	chr22_49834486-49834899	306	314	+	13.2818	2.59e-05	0.127	ATGAGTCAT
MA0477.3	FOSL1	chr6_20877362-20877760	321	329	-	13.2818	2.59e-05	0.127	ATGAGTCAT
MA0477.3	FOSL1	chr7_116776705-116777163	424	432	+	13.2818	2.59e-05	0.127	ATGAGTCAT
MA0477.3	FOSL1	chr5_34686936-34687262	32	40	+	12.9091	2.92e-05	0.128	GTGACTCAC
MA0477.3	FOSL1	chr8_40174760-40175190	92	100	-	12.9091	2.92e-05	0.128	GTGACTCAC
MA0477.3	FOSL1	chr18_3816907-3817269	129	137	+	12.9091	2.92e-05	0.128	GTGACTCAC
MA0477.3	FOSL1	chr6_20877362-20877760	189	197	+	12.9091	2.92e-05	0.128	GTGACTCAC
MA0477.3	FOSL1	chr20_6704138-6704531	295	303	-	12.9091	2.92e-05	0.128	GTGACTCAC
MA0477.3	FOSL1	chr15_65832442-65832876	407	415	-	12.9091	2.92e-05	0.128	GTGACTCAC
MA0477.3	FOSL1	chr7_29375787-29376519	634	642	-	12.9091	2.92e-05	0.128	GTGACTCAC
MA0477.3	FOSL1	chr7_29375787-29376519	59	67	+	12.2364	3.26e-05	0.128	GTGACTCAG
MA0477.3	FOSL1	chr4_105594587-105595017	64	72	-	12.2364	3.26e-05	0.128	GTGACTCAG
MA0477.3	FOSL1	chr1_211515256-211515594	208	216	-	12.2364	3.26e-05	0.128	GTGACTCAG
MA0477.3	FOSL1	chr17_72421237-72421572	210	218	-	12.2364	3.26e-05	0.128	GTGACTCAG
MA0477.3	FOSL1	chr20_50761652-50762127	231	239	+	12.2364	3.26e-05	0.128	GTGACTCAG
MA0477.3	FOSL1	chr20_4135514-4136011	241	249	+	12.2364	3.26e-05	0.128	GTGACTCAG
MA0477.3	FOSL1	chr14_36091066-36091484	297	305	+	12.2364	3.26e-05	0.128	GTGACTCAG
MA0477.3	FOSL1	chr20_4135514-4136011	318	326	-	12.2364	3.26e-05	0.128	GTGACTCAG
MA0477.3	FOSL1	chr11_112157175-112157574	328	336	+	12.2364	3.26e-05	0.128	GTGACTCAG
MA0477.3	FOSL1	chr9_27371399-27371745	61	69	+	12.1455	3.66e-05	0.129	GTGAGTCAT
MA0477.3	FOSL1	chr11_7605538-7605853	100	108	-	12.1455	3.66e-05	0.129	GTGAGTCAT
MA0477.3	FOSL1	chr3_57803684-57804084	142	150	-	12.1455	3.66e-05	0.129	GTGAGTCAT
MA0477.3	FOSL1	chr10_3852323-3852734	168	176	+	12.1455	3.66e-05	0.129	GTGAGTCAT
MA0477.3	FOSL1	chr17_74417183-74417560	184	192	+	12.1455	3.66e-05	0.129	GTGAGTCAT
MA0477.3	FOSL1	chr12_121215028-121215351	185	193	-	12.1455	3.66e-05	0.129	GTGAGTCAT
MA0477.3	FOSL1	chr10_24902045-24902481	276	284	-	12.1455	3.66e-05	0.129	GTGAGTCAT
MA0477.3	FOSL1	chr1_200022115-200022573	368	376	+	12.1455	3.66e-05	0.129	GTGAGTCAT
MA0477.3	FOSL1	chr2_173048911-173049637	523	531	-	12.1455	3.66e-05	0.129	GTGAGTCAT
MA0477.3	FOSL1	chr6_135722691-135723112	148	156	+	11.9818	4.15e-05	0.139	TTGACTCAT
MA0477.3	FOSL1	chr7_36290172-36290583	158	166	+	11.9818	4.15e-05	0.139	TTGACTCAT
MA0477.3	FOSL1	chr8_133320576-133320881	279	287	+	11.9818	4.15e-05	0.139	TTGACTCAT
MA0477.3	FOSL1	chr1_200027281-200027717	271	279	-	11.9818	4.15e-05	0.139	TTGACTCAT
MA0477.3	FOSL1	chr1_221117541-221117899	299	307	-	11.9818	4.15e-05	0.139	TTGACTCAT
MA0477.3	FOSL1	chr1_221117541-221117899	72	80	-	11.9455	4.48e-05	0.142	CTGACTCAC
MA0477.3	FOSL1	chr7_116776705-116777163	103	111	-	11.9455	4.48e-05	0.142	CTGACTCAC
MA0477.3	FOSL1	chr14_36091066-36091484	157	165	-	11.9455	4.48e-05	0.142	CTGACTCAC
MA0477.3	FOSL1	chr6_6969796-6970170	268	276	+	11.9455	4.48e-05	0.142	CTGACTCAC
MA0477.3	FOSL1	chr6_70398920-70399338	264	272	-	11.9455	4.48e-05	0.142	CTGACTCAC
MA0477.3	FOSL1	chr1_236862674-236862967	33	41	-	11.8182	4.97e-05	0.155	ATGACTCAA
MA0477.3	FOSL1	chr10_33155997-33156354	310	318	+	11.8182	4.97e-05	0.155	ATGACTCAA
MA0477.3	FOSL1	chr1_231233780-231234227	52	60	+	11.7	5.37e-05	0.155	ATGAGTCAC
MA0477.3	FOSL1	chr17_72421237-72421572	176	184	+	11.7	5.37e-05	0.155	ATGAGTCAC
MA0477.3	FOSL1	chr16_21260940-21261351	233	241	-	11.7	5.37e-05	0.155	ATGAGTCAC
MA0477.3	FOSL1	chr6_56279704-56280031	237	245	-	11.7	5.37e-05	0.155	ATGAGTCAC
MA0477.3	FOSL1	chr4_31146366-31146717	265	273	+	11.7	5.37e-05	0.155	ATGAGTCAC
MA0477.3	FOSL1	chr17_74417183-74417560	260	268	-	11.7	5.37e-05	0.155	ATGAGTCAC
MA0477.3	FOSL1	chr22_45246254-45246736	297	305	-	11.7	5.37e-05	0.155	ATGAGTCAC
MA0477.3	FOSL1	chr1_202010176-202010594	13	21	+	11.2727	5.7e-05	0.155	CTGACTCAG
MA0477.3	FOSL1	chr13_26968761-26969069	99	107	-	11.2727	5.7e-05	0.155	CTGACTCAG
MA0477.3	FOSL1	chr9_116870599-116870892	117	125	-	11.2727	5.7e-05	0.155	CTGACTCAG
MA0477.3	FOSL1	chr1_225746830-225747172	166	174	-	11.2727	5.7e-05	0.155	CTGACTCAG
MA0477.3	FOSL1	chr15_59611574-59611908	208	216	-	11.2727	5.7e-05	0.155	CTGACTCAG
MA0477.3	FOSL1	chr6_21045226-21045637	219	227	-	11.2727	5.7e-05	0.155	CTGACTCAG
MA0477.3	FOSL1	chr3_136625106-136625546	291	299	+	11.2727	5.7e-05	0.155	CTGACTCAG
MA0477.3	FOSL1	chr7_127614724-127615262	373	381	-	11.2727	5.7e-05	0.155	CTGACTCAG
MA0477.3	FOSL1	chr6_12371666-12371974	53	61	-	11.2636	6.3e-05	0.162	ATGATTCAT
MA0477.3	FOSL1	chr2_44291370-44291916	109	117	-	11.2636	6.3e-05	0.162	ATGATTCAT
MA0477.3	FOSL1	chr3_33097226-33097663	172	180	-	11.2636	6.3e-05	0.162	ATGATTCAT
MA0477.3	FOSL1	chr8_81193853-81194288	243	251	-	11.2636	6.3e-05	0.162	ATGATTCAT
MA0477.3	FOSL1	chr8_30254913-30255464	255	263	-	11.2636	6.3e-05	0.162	ATGATTCAT
MA0477.3	FOSL1	chr9_96420300-96420660	276	284	-	11.2636	6.3e-05	0.162	ATGATTCAT
MA0477.3	FOSL1	chr11_102599519-102599988	287	295	-	11.2636	6.3e-05	0.162	ATGATTCAT
MA0477.3	FOSL1	chr6_12371666-12371974	53	61	+	11.2455	7.5e-05	0.168	ATGAATCAT
MA0477.3	FOSL1	chr2_44291370-44291916	109	117	+	11.2455	7.5e-05	0.168	ATGAATCAT
MA0477.3	FOSL1	chr6_135722691-135723112	158	166	+	11.2455	7.5e-05	0.168	ATGACTAAT
MA0477.3	FOSL1	chr3_33097226-33097663	172	180	+	11.2455	7.5e-05	0.168	ATGAATCAT
MA0477.3	FOSL1	chr15_60408333-60408680	191	199	+	11.2455	7.5e-05	0.168	ATGACTAAT
MA0477.3	FOSL1	chr8_81193853-81194288	243	251	+	11.2455	7.5e-05	0.168	ATGAATCAT
MA0477.3	FOSL1	chr1_204726488-204726871	248	256	+	11.2455	7.5e-05	0.168	ATGACTAAT
MA0477.3	FOSL1	chr8_30254913-30255464	255	263	+	11.2455	7.5e-05	0.168	ATGAATCAT
MA0477.3	FOSL1	chr9_96420300-96420660	276	284	+	11.2455	7.5e-05	0.168	ATGAATCAT
MA0477.3	FOSL1	chr7_38863539-38863974	269	277	-	11.2455	7.5e-05	0.168	ATGACTAAT
MA0477.3	FOSL1	chr2_127735601-127735913	275	283	-	11.2455	7.5e-05	0.168	ATGACTAAT
MA0477.3	FOSL1	chr11_102599519-102599988	287	295	+	11.2455	7.5e-05	0.168	ATGAATCAT
MA0477.3	FOSL1	chr20_22411635-22411949	9	17	-	11.1818	7.9e-05	0.168	CTGAGTCAT
MA0477.3	FOSL1	chr2_232781813-232782107	61	69	-	11.1818	7.9e-05	0.168	CTGAGTCAT
MA0477.3	FOSL1	chr10_103241426-103241781	88	96	+	11.1818	7.9e-05	0.168	CTGAGTCAT
MA0477.3	FOSL1	chr2_173048911-173049637	119	127	-	11.1818	7.9e-05	0.168	CTGAGTCAT
MA0477.3	FOSL1	chr7_90767083-90767424	158	166	+	11.1818	7.9e-05	0.168	CTGAGTCAT
MA0477.3	FOSL1	chr22_18061275-18061727	168	176	+	11.1818	7.9e-05	0.168	CTGAGTCAT
MA0477.3	FOSL1	chr20_11687615-11688081	172	180	-	11.1818	7.9e-05	0.168	CTGAGTCAT
MA0477.3	FOSL1	chr20_4135514-4136011	197	205	-	11.1818	7.9e-05	0.168	CTGAGTCAT
MA0477.3	FOSL1	chr20_50761652-50762127	203	211	-	11.1818	7.9e-05	0.168	CTGAGTCAT
MA0477.3	FOSL1	chr1_212237584-212237877	234	242	-	11.1818	7.9e-05	0.168	CTGAGTCAT
MA0477.3	FOSL1	chr8_125219162-125219511	287	295	+	11.1818	7.9e-05	0.168	CTGAGTCAT
MA0477.3	FOSL1	chr8_123058187-123058480	30	38	-	11.0273	8.3e-05	0.168	ATGAGTCAG
MA0477.3	FOSL1	chr2_6203608-6203911	65	73	-	11.0273	8.3e-05	0.168	ATGAGTCAG
MA0477.3	FOSL1	chr11_13140365-13140700	109	117	+	11.0273	8.3e-05	0.168	ATGAGTCAG
MA0477.3	FOSL1	chr2_19682571-19682895	142	150	+	11.0273	8.3e-05	0.168	ATGAGTCAG
MA0477.3	FOSL1	chr2_69685546-69686054	200	208	+	11.0273	8.3e-05	0.168	ATGAGTCAG
MA0477.3	FOSL1	chr2_54545816-54546281	218	226	+	11.0273	8.3e-05	0.168	ATGAGTCAG
MA0477.3	FOSL1	chr11_102599519-102599988	261	269	+	11.0273	8.3e-05	0.168	ATGAGTCAG
MA0477.3	FOSL1	chr6_162058280-162058793	324	332	-	11.0273	8.3e-05	0.168	ATGAGTCAG
MA0477.3	FOSL1	chr10_3852323-3852734	372	380	-	11.0273	8.3e-05	0.168	ATGAGTCAG
MA0477.3	FOSL1	chr11_100776082-100776585	456	464	+	11.0273	8.3e-05	0.168	ATGAGTCAG
MA0477.3	FOSL1	chr10_24902045-24902481	98	106	+	10.7364	8.9e-05	0.171	ATTACTCAT
MA0477.3	FOSL1	chr1_33903352-33903653	104	112	-	10.7364	8.9e-05	0.171	ATTACTCAT
MA0477.3	FOSL1	chr1_174010761-174011067	125	133	+	10.7364	8.9e-05	0.171	ATTACTCAT
MA0477.3	FOSL1	chr8_118383195-118383570	194	202	-	10.7364	8.9e-05	0.171	ATTACTCAT
MA0477.3	FOSL1	chr11_16924651-16925044	213	221	-	10.7364	8.9e-05	0.171	ATTACTCAT
MA0477.3	FOSL1	chr5_59296224-59296675	259	267	-	10.7364	8.9e-05	0.171	ATTACTCAT
MA0477.3	FOSL1	chr1_174010761-174011067	288	296	+	10.7364	8.9e-05	0.171	ATTACTCAT
MA0477.3	FOSL1	chr1_157966025-157966442	302	310	+	10.7364	8.9e-05	0.171	ATTACTCAT
MA0477.3	FOSL1	chr4_40576873-40577327	129	137	+	10.6818	9.3e-05	0.173	GTGACTCAA
MA0477.3	FOSL1	chr5_126371142-126371544	165	173	-	10.6818	9.3e-05	0.173	GTGACTCAA
MA0477.3	FOSL1	chr6_152381474-152381913	176	184	+	10.6818	9.3e-05	0.173	GTGACTCAA
MA0477.3	FOSL1	chr6_160254684-160255161	257	265	-	10.6818	9.3e-05	0.173	GTGACTCAA
MA0477.3	FOSL1	chr1_172976387-172976771	322	330	+	10.6818	9.3e-05	0.173	GTGACTCAA
MA0477.3	FOSL1	chr5_34686936-34687262	32	40	-	10.5636	9.64e-05	0.173	GTGAGTCAC
MA0477.3	FOSL1	chr8_40174760-40175190	92	100	+	10.5636	9.64e-05	0.173	GTGAGTCAC
MA0477.3	FOSL1	chr18_3816907-3817269	129	137	-	10.5636	9.64e-05	0.173	GTGAGTCAC
MA0477.3	FOSL1	chr6_20877362-20877760	189	197	-	10.5636	9.64e-05	0.173	GTGAGTCAC
MA0477.3	FOSL1	chr20_6704138-6704531	295	303	+	10.5636	9.64e-05	0.173	GTGAGTCAC
MA0477.3	FOSL1	chr15_65832442-65832876	407	415	+	10.5636	9.64e-05	0.173	GTGAGTCAC
MA0477.3	FOSL1	chr7_29375787-29376519	634	642	+	10.5636	9.64e-05	0.173	GTGAGTCAC

# FIMO (Find Individual Motif Occurrences): Version 5.5.9 compiled on Nov 21 2025 at 19:28:56
# The format of this file is described at https://meme-suite.org/meme/doc/fimo-output-format.html#tsv_results.
# fimo --oc . --verbosity 1 --bgfile --nrdb-- --thresh 1.0E-4 FOSL1_MA0477.3.meme GSM6248576_peaks-FASTAs.fa
